Workbook

Sheet 1 - Executive Summary
B1: MEDICAL ECONOMICS ANALYST PORTFOLIO PROJECT
B2: Managed Care Reimbursement & Utilization Trend Analysis | AdventHealth Corporate
B3: Prepared by: Kyle Fuller | BS Health Informatics, UCF | MS Healthcare Informatics (in progress) | April 2026
B5: BUSINESS QUESTION
B6: How do reimbursement rates, denial trends, and utilization patterns vary across payers and service lines at AdventHealth and what is the projected financial impact of different contract rate change scenarios?
B8: DATASET OVERVIEW
B9: Records Analyzed: | C9: 336 simulated claims across 6 payers, 7 service lines, 8 quarters (2023–2024)
B10: Payers Included: | C10: United Healthcare, Aetna, Florida Blue, Medicare, Medicaid, Humana
B11: Service Lines: | C11: Orthopedics, Cardiology, Oncology, OB/GYN, Emergency, Radiology, Neurology
B12: Reimbursement Methods: | C12: DRG (Diagnosis-Related Group), Per Diem, Fee Schedule
B13: Tool Used: | C13: Microsoft Excel: SUMIF, AVERAGEIF, scenario modeling, summary tables
B15: KEY FINDINGS
B16: Finding 1: Medicaid Highest Risk: | C16: Medicaid carries the highest average denial rate (~14%) and lowest reimbursement rate (~55%). This represents the greatest financial exposure and should be the top priority for contract renegotiation.
B17: Finding 2: Medicare Strongest Payer: | C17: Medicare demonstrates the best reimbursement rate (~78%) with the lowest denial rate (~5%), making it the most reliable and predictable revenue source across all service lines.
B18: Finding 3: High-Value Service Lines: | C18: Cardiology and Orthopedics generate the highest reimbursement per case, driven by DRG-based contracts with higher fixed payment rates. These lines carry the most revenue at stake in contract negotiations.
B19: Finding 4: Scenario Impact (Base Case +5%): | C19: A 5% rate increase across all payers yields the most significant total reimbursement uplift in Cardiology and Orthopedics due to high per-case values. Even small rate changes in these lines have outsized revenue impact.
B21: RECOMMENDATIONS
B22: 1. Renegotiate Medicaid: | C22: Prioritize Medicaid contract renegotiation to reduce the ~14% denial rate and improve reimbursement terms. Current performance is significantly below all commercial payers.
B23: 2. Monitor Aetna Denial Trends: | C23: Aetna's denial rate (~11%) is the second highest. Implement a denial tracking process by service line to identify patterns and support appeals.
B24: 3. Protect High-Value Lines: | C24: Ensure Orthopedics and Cardiology DRG rates keep pace with market benchmarks. These two lines carry the highest revenue risk if rates erode over contract cycles.
B25: 4. Grow OB/GYN Volume: | C25: OB/GYN has the highest utilization volume with low denial risk. Increasing rates here would yield broad, stable revenue growth with minimal contract risk.
B27: METHODOLOGY & LIMITATIONS
B28: Methodology: | C28: Simulated claims dataset modeled after real managed care contract structures. Reimbursement rates and denial rates based on industry benchmarks for Florida healthcare market.
B29: Limitations: | C29: Data is simulated for portfolio purposes. Real analysis would use Epic system exports, actual payer contract files, and historical claims data from the financial system.
B30: Next Steps: | C30: Real-world application would include DRG weight analysis, outlier payment modeling, and trend regression over 3–5 years of claims data.

Sheet 2 - Raw Claims Data
A1: AdventHealth — Managed Care Claims Dataset | Medical Economics Analyst Project | Kyle Fuller
A2: Claim ID | B2: Period | C2: Payer | D2: Service Line | E2: Reimb. Method | F2: Billed Charges ($) | G2: Reimbursement Received ($) | H2: Expected Reimbursement ($) | I2: Denial Rate (%) | J2: Utilization (Cases) | K2: Net Variance ($)
A3: CLM-1001 | B3: Q1 2023 | C3: United Healthcare | D3: Orthopedics | E3: DRG | F3: 28780.79 | G3: 18965.47 | H3: 20722.17 | I3: 6.8 | J3: 132 | K3: =G3-H3 -> -1756.7
A4: CLM-1002 | B4: Q1 2023 | C4: Aetna | D4: Orthopedics | E4: DRG | F4: 29324.24 | G4: 18118.73 | H4: 19940.48 | I4: 11.9 | J4: 127 | K4: =G4-H4 -> -1821.75
A5: CLM-1003 | B5: Q1 2023 | C5: Florida Blue | D5: Orthopedics | E5: DRG | F5: 27562.76 | G5: 16058.98 | H5: 17915.79 | I5: 8.3 | J5: 145 | K5: =G5-H5 -> -1856.81
A6: CLM-1004 | B6: Q1 2023 | C6: Medicare | D6: Orthopedics | E6: DRG | F6: 25348.6 | G6: 19168.61 | H6: 19771.91 | I6: 4.2 | J6: 146 | K6: =G6-H6 -> -603.3
A7: CLM-1005 | B7: Q1 2023 | C7: Medicaid | D7: Orthopedics | E7: DRG | F7: 26434.47 | G7: 12723.63 | H7: 14538.96 | I7: 14.6 | J7: 123 | K7: =G7-H7 -> -1815.33
A8: CLM-1006 | B8: Q1 2023 | C8: Humana | D8: Orthopedics | E8: DRG | F8: 29712.59 | G8: 18808.23 | H8: 20798.81 | I8: 8.4 | J8: 130 | K8: =G8-H8 -> -1990.58
A9: CLM-1007 | B9: Q1 2023 | C9: United Healthcare | D9: Cardiology | E9: DRG | F9: 34926.16 | G9: 22454.33 | H9: 25146.84 | I9: 7.7 | J9: 86 | K9: =G9-H9 -> -2692.51
A10: CLM-1008 | B10: Q1 2023 | C10: Aetna | D10: Cardiology | E10: DRG | F10: 34223.96 | G10: 21054.34 | H10: 23272.29 | I10: 11.7 | J10: 104 | K10: =G10-H10 -> -2217.95
A11: CLM-1009 | B11: Q1 2023 | C11: Florida Blue | D11: Cardiology | E11: DRG | F11: 32231.86 | G11: 18444.2 | H11: 20950.71 | I11: 11.1 | J11: 99 | K11: =G11-H11 -> -2506.51
A12: CLM-1010 | B12: Q1 2023 | C12: Medicare | D12: Cardiology | E12: DRG | F12: 34108.19 | G12: 25868.65 | H12: 26604.39 | I12: 5.5 | J12: 100 | K12: =G12-H12 -> -735.74
A13: CLM-1011 | B13: Q1 2023 | C13: Medicaid | D13: Cardiology | E13: DRG | F13: 33309.26 | G13: 15609.45 | H13: 18320.09 | I13: 12.9 | J13: 91 | K13: =G13-H13 -> -2710.64
A14: CLM-1012 | B14: Q1 2023 | C14: Humana | D14: Cardiology | E14: DRG | F14: 29310.67 | G14: 18472.18 | H14: 20517.47 | I14: 7 | J14: 91 | K14: =G14-H14 -> -2045.29
... A338: CLM-1336 | B338: Q4 2024 | C338: Humana | D338: Neurology | E338: Per Diem | F338: 22149.65 | G338: 14743.66 | H338: 15504.75 | I338: 7.2 | J338: 73 | K338: =G338-H338 -> -761.09
A339: TOTAL | F339: =SUM(F3:F338) -> 5991938.6 | G339: =SUM(G3:G338) -> 3708677.2 | H339: =SUM(H3:H338) -> 4074854.5 | I339: =AVERAGE(I3:I338) -> 9.3967262 | J339: =SUM(J3:J338) -> 72779 | K339: =SUM(K3:K338) -> -366177.35

Sheet 3 - Payer Analysis
A1: Reimbursement & Denial Rate Analysis by Payer
A2: Source: Sheet '1 - Raw Claims Data' | All periods combined
A3: Payer | B3: Total Billed ($) | C3: Total Reimbursed ($) | D3: Expected Reimbursement ($) | E3: Net Variance ($) | F3: Avg Denial Rate (%) | G3: Total Cases | H3: Reimbursement Rate (%)
A4: United Healthcare | B4: =SUMIF('2 - Raw Claims Data'!C:C,A4,'2 - Raw Claims Data'!F:F) -> 997084.22 | C4: =SUMIF('2 - Raw Claims Data'!C:C,A4,'2 - Raw Claims Data'!G:G) -> 659435.89 | D4: =SUMIF('2 - Raw Claims Data'!C:C,A4,'2 - Raw Claims Data'!H:H) -> 717900.63 | E4: =C4-D4 -> -58464.74 | F4: =AVERAGEIF('2 - Raw Claims Data'!C:C,A4,'2 - Raw Claims Data'!I:I) -> 8.2446429 | G4: =SUMIF('2 - Raw Claims Data'!C:C,A4,'2 - Raw Claims Data'!J:J) -> 12323 | H4: =C4/B4 -> 0.66136428
A5: Aetna | B5: =SUMIF('2 - Raw Claims Data'!C:C,A5,'2 - Raw Claims Data'!F:F) -> 1009175.4 | C5: =SUMIF('2 - Raw Claims Data'!C:C,A5,'2 - Raw Claims Data'!G:G) -> 608996.87 | D5: =SUMIF('2 - Raw Claims Data'!C:C,A5,'2 - Raw Claims Data'!H:H) -> 686239.23 | E5: =C5-D5 -> -77242.36 | F5: =AVERAGEIF('2 - Raw Claims Data'!C:C,A5,'2 - Raw Claims Data'!I:I) -> 11.471429 | G5: =SUMIF('2 - Raw Claims Data'!C:C,A5,'2 - Raw Claims Data'!J:J) -> 12252 | H5: =C5/B5 -> 0.60345991
A6: Florida Blue | B6: =SUMIF('2 - Raw Claims Data'!C:C,A6,'2 - Raw Claims Data'!F:F) -> 983676.52 | C6: =SUMIF('2 - Raw Claims Data'!C:C,A6,'2 - Raw Claims Data'!G:G) -> 578688.79 | D6: =SUMIF('2 - Raw Claims Data'!C:C,A6,'2 - Raw Claims Data'!H:H) -> 639389.73 | E6: =C6-D6 -> -60700.94 | F6: =AVERAGEIF('2 - Raw Claims Data'!C:C,A6,'2 - Raw Claims Data'!I:I) -> 9.6785714 | G6: =SUMIF('2 - Raw Claims Data'!C:C,A6,'2 - Raw Claims Data'!J:J) -> 11876 | H6: =C6/B6 -> 0.58829176
A7: Medicare | B7: =SUMIF('2 - Raw Claims Data'!C:C,A7,'2 - Raw Claims Data'!F:F) -> 996834.24 | C7: =SUMIF('2 - Raw Claims Data'!C:C,A7,'2 - Raw Claims Data'!G:G) -> 741338.04 | D7: =SUMIF('2 - Raw Claims Data'!C:C,A7,'2 - Raw Claims Data'!H:H) -> 777530.69 | E7: =C7-D7 -> -36192.65 | F7: =AVERAGEIF('2 - Raw Claims Data'!C:C,A7,'2 - Raw Claims Data'!I:I) -> 5.025 | G7: =SUMIF('2 - Raw Claims Data'!C:C,A7,'2 - Raw Claims Data'!J:J) -> 12117 | H7: =C7/B7 -> 0.74369239
A8: Medicaid | B8: =SUMIF('2 - Raw Claims Data'!C:C,A8,'2 - Raw Claims Data'!F:F) -> 998823.67 | C8: =SUMIF('2 - Raw Claims Data'!C:C,A8,'2 - Raw Claims Data'!G:G) -> 471718.43 | D8: =SUMIF('2 - Raw Claims Data'!C:C,A8,'2 - Raw Claims Data'!H:H) -> 549353.05 | E8: =C8-D8 -> -77634.62 | F8: =AVERAGEIF('2 - Raw Claims Data'!C:C,A8,'2 - Raw Claims Data'!I:I) -> 14.208929 | G8: =SUMIF('2 - Raw Claims Data'!C:C,A8,'2 - Raw Claims Data'!J:J) -> 12050 | H8: =C8/B8 -> 0.47227398
A9: Humana | B9: =SUMIF('2 - Raw Claims Data'!C:C,A9,'2 - Raw Claims Data'!F:F) -> 1006344.6 | C9: =SUMIF('2 - Raw Claims Data'!C:C,A9,'2 - Raw Claims Data'!G:G) -> 648499.16 | D9: =SUMIF('2 - Raw Claims Data'!C:C,A9,'2 - Raw Claims Data'!H:H) -> 704441.2 | E9: =C9-D9 -> -55942.04 | F9: =AVERAGEIF('2 - Raw Claims Data'!C:C,A9,'2 - Raw Claims Data'!I:I) -> 7.7517857 | G9: =SUMIF('2 - Raw Claims Data'!C:C,A9,'2 - Raw Claims Data'!J:J) -> 12161 | H9: =C9/B9 -> 0.64441062
A10: GRAND TOTAL | B10: =SUM(B4:B9) -> 5991938.6 | C10: =SUM(C4:C9) -> 3708677.2 | D10: =SUM(D4:D9) -> 4074854.5 | E10: =SUM(E4:E9) -> -366177.35 | F10: =AVERAGE(F4:F9) -> 9.3967262 | G10: =SUM(G4:G9) -> 72779 | H10: =C10/B10 -> 0.61894445
A12: KEY INSIGHTS
A13: • Medicaid carries the highest denial rate (~14%) and lowest reimbursement rate (~55%) highest financial risk payer.
A14: • Medicare is the strongest payer: highest reimbursement rate (~78%) and lowest denial rate (~5%).
A15: • Net Variance reveals which payers consistently underperform their contract terms monitor quarterly.
A16: • United Healthcare and Humana represent mid-tier risk. Aetna denial rates warrant close monitoring.
A17: • Recommendation: Prioritize Medicaid and Aetna contract renegotiation in the next cycle.

Sheet 4 - Service Line Analysis
A1: Service Line Utilization & Reimbursement Analysis
A2: Source: Sheet '1 - Raw Claims Data' | All payers combined
A3: Service Line | B3: Reimb. Method | C3: Total Cases | D3: Total Billed ($) | E3: Total Reimbursed ($) | F3: Avg Reimb. per Case ($) | G3: Avg Denial Rate (%) | H3: Risk Level
A4: Orthopedics | B4: DRG | C4: =SUMIF('2 - Raw Claims Data'!D:D,A4,'2 - Raw Claims Data'!J:J) -> 6807 | D4: =SUMIF('2 - Raw Claims Data'!D:D,A4,'2 - Raw Claims Data'!F:F) -> 1338000.1 | E4: =SUMIF('2 - Raw Claims Data'!D:D,A4,'2 - Raw Claims Data'!G:G) -> 831084.56 | F4: =E4/C4 -> 122.09263 | G4: =AVERAGEIF('2 - Raw Claims Data'!D:D,A4,'2 - Raw Claims Data'!I:I) -> 9.3229167 | H4: HIGH
A5: Cardiology | B5: DRG | C5: =SUMIF('2 - Raw Claims Data'!D:D,A5,'2 - Raw Claims Data'!J:J) -> 4655 | D5: =SUMIF('2 - Raw Claims Data'!D:D,A5,'2 - Raw Claims Data'!F:F) -> 1542425.8 | E5: =SUMIF('2 - Raw Claims Data'!D:D,A5,'2 - Raw Claims Data'!G:G) -> 952363.22 | F5: =E5/C5 -> 204.58931 | G5: =AVERAGEIF('2 - Raw Claims Data'!D:D,A5,'2 - Raw Claims Data'!I:I) -> 9.3458333 | H5: HIGH
A6: Oncology | B6: Per Diem | C6: =SUMIF('2 - Raw Claims Data'!D:D,A6,'2 - Raw Claims Data'!J:J) -> 2980 | D6: =SUMIF('2 - Raw Claims Data'!D:D,A6,'2 - Raw Claims Data'!F:F) -> 861289.14 | E6: =SUMIF('2 - Raw Claims Data'!D:D,A6,'2 - Raw Claims Data'!G:G) -> 529834.56 | F6: =E6/C6 -> 177.79683 | G6: =AVERAGEIF('2 - Raw Claims Data'!D:D,A6,'2 - Raw Claims Data'!I:I) -> 9.6875 | H6: MEDIUM
A7: OB/GYN | B7: DRG | C7: =SUMIF('2 - Raw Claims Data'!D:D,A7,'2 - Raw Claims Data'!J:J) -> 9095 | D7: =SUMIF('2 - Raw Claims Data'!D:D,A7,'2 - Raw Claims Data'!F:F) -> 673275.87 | E7: =SUMIF('2 - Raw Claims Data'!D:D,A7,'2 - Raw Claims Data'!G:G) -> 416245.52 | F7: =E7/C7 -> 45.766412 | G7: =AVERAGEIF('2 - Raw Claims Data'!D:D,A7,'2 - Raw Claims Data'!I:I) -> 9.2479167 | H7: LOW
A8: Emergency | B8: Fee Schedule | C8: =SUMIF('2 - Raw Claims Data'!D:D,A8,'2 - Raw Claims Data'!J:J) -> 19822 | D8: =SUMIF('2 - Raw Claims Data'!D:D,A8,'2 - Raw Claims Data'!F:F) -> 312975.63 | E8: =SUMIF('2 - Raw Claims Data'!D:D,A8,'2 - Raw Claims Data'!G:G) -> 194511.39 | F8: =E8/C8 -> 9.8129043 | G8: =AVERAGEIF('2 - Raw Claims Data'!D:D,A8,'2 - Raw Claims Data'!I:I) -> 9.6520833 | H8: MEDIUM
A9: Radiology | B9: Fee Schedule | C9: =SUMIF('2 - Raw Claims Data'!D:D,A9,'2 - Raw Claims Data'!J:J) -> 25898 | D9: =SUMIF('2 - Raw Claims Data'!D:D,A9,'2 - Raw Claims Data'!F:F) -> 201649.15 | E9: =SUMIF('2 - Raw Claims Data'!D:D,A9,'2 - Raw Claims Data'!G:G) -> 124486.49 | F9: =E9/C9 -> 4.8067994 | G9: =AVERAGEIF('2 - Raw Claims Data'!D:D,A9,'2 - Raw Claims Data'!I:I) -> 9.35625 | H9: LOW
A10: Neurology | B10: Per Diem | C10: =SUMIF('2 - Raw Claims Data'!D:D,A10,'2 - Raw Claims Data'!J:J) -> 3522 | D10: =SUMIF('2 - Raw Claims Data'!D:D,A10,'2 - Raw Claims Data'!F:F) -> 1062323 | E10: =SUMIF('2 - Raw Claims Data'!D:D,A10,'2 - Raw Claims Data'!G:G) -> 660151.44 | F10: =E10/C10 -> 187.43652 | G10: =AVERAGEIF('2 - Raw Claims Data'!D:D,A10,'2 - Raw Claims Data'!I:I) -> 9.1645833 | H10: MEDIUM
A11: TOTAL | B11: — | C11: =SUM(C4:C10) -> 72779 | D11: =SUM(D4:D10) -> 5991938.6 | E11: =SUM(E4:E10) -> 3708677.2 | F11: =E11/C11 -> 50.958067 | G11: =AVERAGE(G4:G10) -> 9.3967262 | H11: —

Sheet 5 - Scenario Analysis
A1: Contract Rate Scenario Analysis — Reimbursement Impact Modeling
A2: Blue cells are adjustable inputs. Change the rate % to model different contract negotiation outcomes.
A4: RATE CHANGE ASSUMPTIONS (edit the blue cells below to run your own scenarios)
A5: Scenario | B5: Rate Change (%) | C5: Description
A6: Scenario A: Conservative | B6: 0.03 | C6: Modest 3% increase
A7: Scenario B: Base Case | B7: 0.05 | C7: Standard 5% renegotiation target
A8: Scenario C: Optimistic | B8: 0.1 | C8: Aggressive 10% uplift
A9: Scenario D: Decline | B9: -0.03 | C9: Rate compression scenario
A11: REIMBURSEMENT IMPACT BY SERVICE LINE
A12: Service Line | B12: Baseline Reimbursed ($) | C12: Scenario A +3% ($) | D12: Scenario B +5% ($) | E12: Scenario C +10% ($) | F12: Scenario D -3% ($) | G12: Best Case Uplift ($)
A13: Orthopedics | B13: =SUMIF('2 - Raw Claims Data'!D:D,A13,'2 - Raw Claims Data'!G:G) -> 831084.56 | C13: =(SUMIF('2 - Raw Claims Data'!D:D,A13,'2 - Raw Claims Data'!G:G))*(1+$B$6) -> 856017.1 | D13: =(SUMIF('2 - Raw Claims Data'!D:D,A13,'2 - Raw Claims Data'!G:G))*(1+$B$7) -> 872638.79 | E13: =(SUMIF('2 - Raw Claims Data'!D:D,A13,'2 - Raw Claims Data'!G:G))*(1+$B$8) -> 914193.02 | F13: =(SUMIF('2 - Raw Claims Data'!D:D,A13,'2 - Raw Claims Data'!G:G))*(1+$B$9) -> 806152.02 | G13: =E13-B13 -> 83108.456
A14: Cardiology | B14: =SUMIF('2 - Raw Claims Data'!D:D,A14,'2 - Raw Claims Data'!G:G) -> 952363.22 | C14: =(SUMIF('2 - Raw Claims Data'!D:D,A14,'2 - Raw Claims Data'!G:G))*(1+$B$6) -> 980934.12 | D14: =(SUMIF('2 - Raw Claims Data'!D:D,A14,'2 - Raw Claims Data'!G:G))*(1+$B$7) -> 999981.38 | E14: =(SUMIF('2 - Raw Claims Data'!D:D,A14,'2 - Raw Claims Data'!G:G))*(1+$B$8) -> 1047599.5 | F14: =(SUMIF('2 - Raw Claims Data'!D:D,A14,'2 - Raw Claims Data'!G:G))*(1+$B$9) -> 923792.32 | G14: =E14-B14 -> 95236.322
A15: Oncology | B15: =SUMIF('2 - Raw Claims Data'!D:D,A15,'2 - Raw Claims Data'!G:G) -> 529834.56 | C15: =(SUMIF('2 - Raw Claims Data'!D:D,A15,'2 - Raw Claims Data'!G:G))*(1+$B$6) -> 545729.6 | D15: =(SUMIF('2 - Raw Claims Data'!D:D,A15,'2 - Raw Claims Data'!G:G))*(1+$B$7) -> 556326.29 | E15: =(SUMIF('2 - Raw Claims Data'!D:D,A15,'2 - Raw Claims Data'!G:G))*(1+$B$8) -> 582818.02 | F15: =(SUMIF('2 - Raw Claims Data'!D:D,A15,'2 - Raw Claims Data'!G:G))*(1+$B$9) -> 513939.52 | G15: =E15-B15 -> 52983.456
A16: OB/GYN | B16: =SUMIF('2 - Raw Claims Data'!D:D,A16,'2 - Raw Claims Data'!G:G) -> 416245.52 | C16: =(SUMIF('2 - Raw Claims Data'!D:D,A16,'2 - Raw Claims Data'!G:G))*(1+$B$6) -> 428732.89 | D16: =(SUMIF('2 - Raw Claims Data'!D:D,A16,'2 - Raw Claims Data'!G:G))*(1+$B$7) -> 437057.8 | E16: =(SUMIF('2 - Raw Claims Data'!D:D,A16,'2 - Raw Claims Data'!G:G))*(1+$B$8) -> 457870.07 | F16: =(SUMIF('2 - Raw Claims Data'!D:D,A16,'2 - Raw Claims Data'!G:G))*(1+$B$9) -> 403758.15 | G16: =E16-B16 -> 41624.552
A17: Emergency | B17: =SUMIF('2 - Raw Claims Data'!D:D,A17,'2 - Raw Claims Data'!G:G) -> 194511.39 | C17: =(SUMIF('2 - Raw Claims Data'!D:D,A17,'2 - Raw Claims Data'!G:G))*(1+$B$6) -> 200346.73 | D17: =(SUMIF('2 - Raw Claims Data'!D:D,A17,'2 - Raw Claims Data'!G:G))*(1+$B$7) -> 204236.96 | E17: =(SUMIF('2 - Raw Claims Data'!D:D,A17,'2 - Raw Claims Data'!G:G))*(1+$B$8) -> 213962.53 | F17: =(SUMIF('2 - Raw Claims Data'!D:D,A17,'2 - Raw Claims Data'!G:G))*(1+$B$9) -> 188676.05 | G17: =E17-B17 -> 19451.139
A18: Radiology | B18: =SUMIF('2 - Raw Claims Data'!D:D,A18,'2 - Raw Claims Data'!G:G) -> 124486.49 | C18: =(SUMIF('2 - Raw Claims Data'!D:D,A18,'2 - Raw Claims Data'!G:G))*(1+$B$6) -> 128221.08 | D18: =(SUMIF('2 - Raw Claims Data'!D:D,A18,'2 - Raw Claims Data'!G:G))*(1+$B$7) -> 130710.81 | E18: =(SUMIF('2 - Raw Claims Data'!D:D,A18,'2 - Raw Claims Data'!G:G))*(1+$B$8) -> 136935.14 | F18: =(SUMIF('2 - Raw Claims Data'!D:D,A18,'2 - Raw Claims Data'!G:G))*(1+$B$9) -> 120751.9 | G18: =E18-B18 -> 12448.649
A19: Neurology | B19: =SUMIF('2 - Raw Claims Data'!D:D,A19,'2 - Raw Claims Data'!G:G) -> 660151.44 | C19: =(SUMIF('2 - Raw Claims Data'!D:D,A19,'2 - Raw Claims Data'!G:G))*(1+$B$6) -> 679955.98 | D19: =(SUMIF('2 - Raw Claims Data'!D:D,A19,'2 - Raw Claims Data'!G:G))*(1+$B$7) -> 693159.01 | E19: =(SUMIF('2 - Raw Claims Data'!D:D,A19,'2 - Raw Claims Data'!G:G))*(1+$B$8) -> 726166.58 | F19: =(SUMIF('2 - Raw Claims Data'!D:D,A19,'2 - Raw Claims Data'!G:G))*(1+$B$9) -> 640346.9 | G19: =E19-B19 -> 66015.144
A20: TOTAL IMPACT | B20: =SUM(B13:B19) -> 3708677.2 | C20: =SUM(C13:C19) -> 3819937.5 | D20: =SUM(D13:D19) -> 3894111 | E20: =SUM(E13:E19) -> 4079544.9 | F20: =SUM(F13:F19) -> 3597416.9 | G20: =E20-B20 -> 370867.72
